{
    "display": {
        "title": {
            "text": "(boring) Light boost"
        },
        "description": {
            "text": "With the power of light you can boost yourself into the air using ",
            "color": "yellow",
            "extra": [
              {
                "keybind": "key.origins.senary_active",
                "color": "yellow"
              },
              {
                "text": "! The only downside is that this power is littarlly so boring that there is no downside. give me a break coming up with ideas for this many powers is hard >:( [15 SP]",
                "color": "yellow"
              }
            ]
        },
        "icon": {
            "item": "minecraft:glowstone"
        },
        "frame": "challenge",
        "show_toast": true,
        "announce_to_chat": false,
        "hidden": false
    },
    "criteria": {
        "Skill": {
            "trigger": "minecraft:impossible"
        }
    },
    "parent": "dragon:layer_five/path_two/op_one/light"
}