{
    "display": {
        "title": {
            "text": "Shining Hands"
        },
        "description": {
            "text": "By pressing ",
            "color": "yellow",
            "extra": [
              {
                "keybind": "key.origins.senary_active",
                "color": "yellow"
              },
              {
                "text": " you can enchant any item in your main hand! [25 SP]",
                "color": "yellow"
              }
            ]
        },
        "icon": {
            "item": "minecraft:glowstone"
        },
        "frame": "challenge",
        "show_toast": true,
        "announce_to_chat": false,
        "hidden": false
    },
    "criteria": {
        "Skill": {
            "trigger": "minecraft:impossible"
        }
    },
    "parent": "dragon:layer_five/path_one/op_two/light"
}