{
    "display": {
        "title": {
            "text": "Mineral Miner"
        },
        "description": {
            "text": "You can go bezerk when mining, giving you the ability to instamine almost any block. activate with ",
            "color": "gray",
            "extra": [
              {
                "keybind": "key.origins.secondary_active",
                "color": "gray"
              },
              {
                "text": ". Gaining the ability to do this has left you less defensive, decreasing armor. [20 SP]",
                "color": "gray"
              }
            ]
        },
        "icon": {
            "item": "minecraft:dirt"
        },
        "frame": "challenge",
        "show_toast": true,
        "announce_to_chat": false,
        "hidden": false
    },
    "criteria": {
        "Skill": {
            "trigger": "minecraft:impossible"
        }
    },
    "parent": "dragon:layer_five/path_one/op_two/earth"
}