{
    "type": "origins:multiple",
    "air": {
        "type": "origins:modify_jump",
        "condition": {
            "type": "origins:advancement",
            "advancement": "dragon:layer_one/air"
        },
        "modifier": {
            "operation": "addition",
            "value": 0.1
        }
    },
    "dark": {
        "type": "origins:conditioned_attribute",
        "condition": {
            "type": "origins:advancement",
            "advancement": "dragon:layer_one/dark"
        },
        "modifier": {
            "attribute": "minecraft:generic.attack_damage",
            "operation": "addition",
            "value": 0.5
        }
    },
    "earth": {
        "type": "origins:conditioned_attribute",
        "condition": {
            "type": "origins:advancement",
            "advancement": "dragon:layer_one/earth"
        },
        "modifier": {
            "attribute": "minecraft:generic.armor",
            "operation": "addition",
            "value": 1
        }
    },
    "fire": {
        "type": "origins:conditioned_attribute",
        "condition": {
            "type": "origins:advancement",
            "advancement": "dragon:layer_one/fire"
        },
        "modifier": {
            "attribute": "minecraft:generic.attack_damage",
            "operation": "addition",
            "value": 0.5
        }
    },
    "light": {
        "type": "origins:conditioned_attribute",
        "condition": {
            "type": "origins:advancement",
            "advancement": "dragon:layer_one/light"
        },
        "modifier": {
            "attribute": "minecraft:generic.luck",
            "operation": "addition",
            "value": 5
        }
    },
    "water": {
        "type": "origins:conditioned_attribute",
        "modifier": {
            "attribute": "additionalentityattributes:water_speed",
            "operation": "addition",
            "value": 0.01
        },
        "condition": {
            "type": "origins:advancement",
            "advancement": "dragon:layer_one/water"
        }
    },
    "hidden": true
}