{
    "display": {
        "title": {
            "text": "Draft Dash"
        },
        "description": {
            "text": "You can fling yourself forward in short bursts with ",
            "color": "white",
            "extra": [
              {
                "keybind": "key.origins.quinary_active",
                "color": "white"
              },
              {
                "text": " by creating a powerful draft behind you. Your demand for fresh air has increased drastically, however. [15 SP]",
                "color": "white"
              }
            ]
        },
        "icon": {
            "item": "minecraft:feather"
        },
        "frame": "challenge",
        "show_toast": true,
        "announce_to_chat": false,
        "hidden": false
    },
    "criteria": {
        "Skill": {
            "trigger": "minecraft:impossible"
        }
    },
    "parent": "dragon:layer_five/path_one/op_two/air"
}