{
    "type": "origins:multiple",
    "toggle": {
        "type": "origins:toggle",
        "active_by_default": false,
        "key": {
            "key": "key.origins.senary_active"
        },
        "condition": {
            "type": "origins:advancement",
            "advancement": "dragon:layer_five/path_two/op_two/light"
        }
    },
    "aura": {
        "condition": {
            "type":"origins:and",
            "conditions": [
                {
                    "type": "origins:advancement",
                    "advancement": "dragon:layer_five/path_two/op_two/light"
                },
                {
                    "type": "origins:power_active",
                    "power": "dragon:skills/layer_five/path_two/op_two/light_toggle"
                }
            ]
        },
        "type": "origins:action_over_time",
        "entity_action":{
            "type": "origins:area_of_effect",
            "radius": 4,
            "bientity_action": {
                "type": "origins:target_action",
                "action": {
                    "type": "origins:if_else",
                    "condition": {

                            
                                "type": "origins:entity_group",
                                "group": "undead",
                                "inverted": true
                    },
                    "if_action": {
                        "type": "origins:heal",
                        "amount": 2
                    },
                    "else_action": {
                        "type": "origins:damage",
                        "amount": 2,
                        "source": {
                            "name": "indirectMagic",
                            "magic": true
                        }
                    }
                }
            }
        },
        "interval": 20
    },
    "particle_aura": {
        "condition": {
            "type":"origins:and",
            "conditions": [
                {
                    "type": "origins:advancement",
                    "advancement": "dragon:layer_five/path_two/op_two/light"
                },
                {
                    "type": "origins:power_active",
                    "power": "dragon:skills/layer_five/path_two/op_two/light_toggle"
                }
            ]
        },
        "type": "origins:action_over_time",
        "entity_action":{
            "type": "origins:spawn_particles",
            "particle": "minecraft:happy_villager",
            "count": 1000,
            "speed": 0.5,
            "force": true,
            "spread": {
                "x": 2.6,
                "y": 0.0,
                "z": 2.6
            },
            "offset_y": 0.1
        },
        "interval": 10
    },
    "particle_player": {
        "condition": {
            "type":"origins:and",
            "conditions": [
                {
                    "type": "origins:advancement",
                    "advancement": "dragon:layer_five/path_two/op_two/light"
                },
                {
                    "type": "origins:power_active",
                    "power": "dragon:skills/layer_five/path_two/op_two/light_toggle"
                }
            ]
        },
        "type": "origins:particle",
        "particle": "minecraft:happy_villager",
        "frequency": 1
    },
    "hud": {
        "type": "origins:resource",
        "min": 0,
        "max": 7,
        "start_value": 1,
        "hud_render": {
            "condition": {
                "type":"origins:and",
                "conditions": [
                    {
                        "type": "origins:advancement",
                        "advancement": "dragon:layer_five/path_two/op_two/light"
                    },
                    {
                        "type": "origins:power_active",
                        "power": "dragon:skills/layer_five/path_two/op_two/light_toggle"
                    }
                ]
            },
            "sprite_location": "origins:textures/gui/community/spiderkolo/resource_bar_points_01.png",
            "bar_index": 13
        }
    },
    "hidden": true
}