{
    "type": "origins:multiple",
    "dark": {
        "type": "origins:conditioned_attribute",
        "condition": {
            "type": "origins:advancement",
            "advancement": "dragon:layer_five/path_two/op_two/dark"
        },
        "modifier": {
            "attribute": "minecraft:generic.movement_speed",
            "operation": "addition",
            "value": 0.02
        }
    },
    "fire": {
        "type": "origins:conditioned_attribute",
        "condition": {
            "type": "origins:advancement",
            "advancement": "dragon:layer_five/path_two/op_two/fire"
        },
        "modifier": {
            "attribute": "minecraft:generic.attack_speed",
            "operation": "addition",
            "value": 1
        }
    },
    "water": {
        "type": "origins:conditioned_attribute",
        "modifier": {
            "attribute": "additionalentityattributes:water_speed",
            "operation": "addition",
            "value": 0.03
        },
        "condition": {
            "type": "origins:advancement",
            "advancement": "dragon:layer_five/path_two/op_two/water"
        }
    },
    "hidden": true
}