{
    "display": {
        "title": {
            "text": "Pouring darkness"
        },
        "description": {
            "text": "Darkness can pour out of you, hurting anything and anyone around you. except for other undead creatures. Toggle with ",
            "color": "black",
            "extra": [
              {
                "keybind": "key.origins.nonary_active",
                "color": "black"
              },
              {
                "text": ". [15 SP]",
                "color": "black"
              }
            ]
        },
        "icon": {
            "item": "minecraft:black_concrete"
        },
        "frame": "challenge",
        "show_toast": true,
        "announce_to_chat": false,
        "hidden": false
    },
    "criteria": {
        "Skill": {
            "trigger": "minecraft:impossible"
        }
    },
    "parent": "dragon:layer_four/op_one/dark"
}