{
    "display": {
        "title": {
            "text": "Untrusting greed"
        },
        "description": {
            "text": "Villagers see you as greedy and untrustworthy, however you're now able to find much better chest loot. [10 SP]",
            "color": "gray"
        },
        "icon": {
            "item": "minecraft:dirt"
        },
        "frame": "goal",
        "show_toast": true,
        "announce_to_chat": false,
        "hidden": false
    },
    "criteria": {
        "Skill": {
            "trigger": "minecraft:impossible"
        }
    },
    "parent": "dragon:layer_four/op_one/earth"
}