{
    "display": {
        "title": {
            "text": "The light resistance"
        },
        "description": {
            "text": "You can toggle a aura of resistance, making players around you able to take more damage. However, because of your new defensive nature, you've started to move slower. Toggle with ",
            "color": "yellow",
            "extra": [
              {
                "keybind": "key.origins.senary_active",
                "color": "yellow"
              },
              {
                "text": ". [15 SP]",
                "color": "yellow"
              }
            ]
        },
        "icon": {
            "item": "minecraft:glowstone"
        },
        "frame": "challenge",
        "show_toast": true,
        "announce_to_chat": false,
        "hidden": false
    },
    "criteria": {
        "Skill": {
            "trigger": "minecraft:impossible"
        }
    },
    "parent": "dragon:layer_four/op_one/light"
}