{
    "display": {
        "title": {
            "text": "Enticing rain"
        },
        "description": {
            "text": "When raining, you now emit a aroma that seems to almost control fish into giving you their treasures. [10 SP]",
            "color": "aqua"
        },
        "icon": {
            "item": "minecraft:water_bucket"
        },
        "frame": "goal",
        "show_toast": true,
        "announce_to_chat": false,
        "hidden": false
    },
    "criteria": {
        "Skill": {
            "trigger": "minecraft:impossible"
        }
    },
    "parent": "dragon:layer_four/op_one/water"
}