{
    "type": "origins:conditioned_attribute",
    "condition": {
        "type": "origins:or",
        "conditions": [
            {
                "type": "origins:and",
                "conditions": [
                    {
                        "type": "origins:time_of_day",
                        "comparison": ">=",
                        "compare_to": 12000
                    },
                    {
                        "type": "origins:time_of_day",
                        "comparison": "<=",
                        "compare_to": 13000
                    }
                ]
            },
            {
                "type": "origins:and",
                "conditions": [
                    {
                        "type": "origins:time_of_day",
                        "comparison": ">=",
                        "compare_to": 23000
                    },
                    {
                        "type": "origins:time_of_day",
                        "comparison": "<=",
                        "compare_to": 24000
                    }
                ]
            }
        ]
    },
    "modifiers": [
        {
            "attribute": "minecraft:generic.attack_damage",
            "operation": "addition",
            "value": 5
        },
        {
            "attribute": "minecraft:generic.movement_speed",
            "operation": "addition",
            "value": 0.025
        }
    ]
}