{
    "type": "origins:conditioned_attribute",
    "modifier": {
        "attribute": "minecraft:generic.armor",
        "operation": "addition",
        "value": 6
    },
    "condition": {
        "type": "origins:or",
        "conditions": [
          {
            "type": "origins:fluid_height",
            "fluid": "minecraft:water",
            "comparison": ">",
            "compare_to": 0.0
          },
          {
            "type": "origins:in_rain"
          }
        ]
    }
}
