{
    "type": "origins:multiple",
    "glow": {
        "type": "origins:self_glow",
        "use_teams": false,
        "entity_condition": {
            "type": "origins:or",
            "conditions": [
              {
                "type": "origins:fluid_height",
                "fluid": "minecraft:water",
                "comparison": ">",
                "compare_to": 0.0
              },
              {
                "type": "origins:in_rain"
              }
            ]
        },
        "red": 0.5,
        "green": 0.5,
        "blue": 0.5
    },
    "particles": {
        "type": "origins:particle",
        "particle": {
            "type": "minecraft:dust",
            "params": "0.5 0.5 0.5 1"
        },
        "condition": {
            "type": "origins:or",
            "conditions": [
              {
                "type": "origins:fluid_height",
                "fluid": "minecraft:water",
                "comparison": ">",
                "compare_to": 0.0
              },
              {
                "type": "origins:in_rain"
              }
            ]
        },
        "visible_in_first_person": false,
        "frequency": 200
    }
}