{
    "display": {
        "title": {
            "text": "Armored darkness"
        },
        "description": {
            "text": "The darkness inside you leaks out to form a shield, giving you more health. However, this causes the world to turn against you. [10 SP]",
            "color": "black"
        },
        "icon": {
            "item": "minecraft:black_concrete"
        },
        "frame": "goal",
        "show_toast": true,
        "announce_to_chat": false,
        "hidden": false
    },
    "criteria": {
        "Skill": {
            "trigger": "minecraft:impossible"
        }
    },
    "parent": "dragon:layer_three/dark"
}