{
    "display": {
        "title": {
            "text": "Creeping greed"
        },
        "description": {
            "text": "You start to become more greedy, attempting to find valuable gems and resources wherever possible. [5 SP]",
            "color": "gray"
        },
        "icon": {
            "item": "minecraft:dirt"
        },
        "frame": "goal",
        "show_toast": true,
        "announce_to_chat": false,
        "hidden": false
    },
    "criteria": {
        "Skill": {
            "trigger": "minecraft:impossible"
        }
    },
    "parent": "dragon:layer_three/earth"
}