{
    "display": {
        "title": {
            "text": "Legs of fire"
        },
        "description": {
            "text": "Your legs keep themselves stationary in order to attack more, giving you knockback resistance. [5 SP]",
            "color": "red"
        },
        "icon": {
            "item": "minecraft:blaze_powder"
        },
        "frame": "goal",
        "show_toast": true,
        "announce_to_chat": false,
        "hidden": false
    },
    "criteria": {
        "Skill": {
            "trigger": "minecraft:impossible"
        }
    },
    "parent": "dragon:layer_three/fire"
}