{
    "display": {
        "title": {
            "text": "Shield of light"
        },
        "description": {
            "text": "Your body has made a small shield of light that will protect you, although only a little, in your time of need. [5 SP]",
            "color": "yellow"
        },
        "icon": {
            "item": "minecraft:glowstone"
        },
        "frame": "goal",
        "show_toast": true,
        "announce_to_chat": false,
        "hidden": false
    },
    "criteria": {
        "Skill": {
            "trigger": "minecraft:impossible"
        }
    },
    "parent": "dragon:layer_three/light"
}