{
    "display": {
        "title": {
            "text": "Fisherman's blessing"
        },
        "description": {
            "text": "Fisherman? Fisherdragon? Whatever, point is you have their blessing, and have a higher chance of getting treasure! [5 SP]",
            "color": "aqua"
        },
        "icon": {
            "item": "minecraft:water_bucket"
        },
        "frame": "goal",
        "show_toast": true,
        "announce_to_chat": false,
        "hidden": false
    },
    "criteria": {
        "Skill": {
            "trigger": "minecraft:impossible"
        }
    },
    "parent": "dragon:layer_three/water"
}