{
    "type": "origins:action_over_time",
    "entity_action":{
        "type": "origins:and",
        "actions":[
            {
                "type": "origins:execute_command",
                "command": "function dragon:triggers/layer_five/path_two/op_two/light"
            },
            {
                "type": "origins:execute_command",
                "command": "origin set @s origins:layer_five dragon:none"
            }
        ]
    },
    "interval": 1,
    "hidden": true
}