{
    "type": "origins:multiple",
    "more_schmeat": {
        "type": "origins:modify_food",
        "item_condition": {
            "type": "origins:meat"
        },
        "food_modifier": {
            "name": "Increased food points",
            "operation": "addition",
            "value": 3.0
        },
        "saturation_modifier": {
            "name": "Increased saturation points",
            "operation": "addition",
            "value": 10
        }
    },
    "only_schmeat": {
        "type": "origins:prevent_item_use",
        "item_condition": {
          "type": "origins:and",
          "conditions": [
            {
              "type": "origins:or",
              "conditions": [
                {
                  "type": "origins:ingredient",
                  "ingredient": {
                    "tag": "origins:meat"
                  }
                },
                {
                  "type": "origins:meat"
                }
              ],
              "inverted": true
            },
            {
              "type": "origins:food"
            },
            {
              "type": "origins:ingredient",
              "ingredient": {
                "tag": "origins:ignore_diet"
              },
              "inverted": true
            }
          ]
        }
    },
    "no_cake": {
        "type": "origins:prevent_block_use",
        "block_condition": {
            "type": "origins:block",
            "block": "minecraft:cake"
        }
    },
    "hidden": true
}