{
    "type": "origins:prevent_item_use",
    "item_condition": {
      "type": "origins:and",
      "conditions": [
        {
          "type": "origins:or",
          "conditions": [
            {
              "type": "origins:ingredient",
              "ingredient": {
                "tag": "origins:meat"
              }
            },
            {
              "type": "origins:meat"
            }
          ]
        },
        {
          "type": "origins:food"
        },
        {
          "type": "origins:ingredient",
          "ingredient": {
            "tag": "origins:ignore_diet"
          },
          "inverted": true
        }
      ]
    }
}