{
    "display": {
        "title": {
            "text": "Air Element"
        },
        "description": {
            "text": "You do not take any fall damage and you have wings, but being underground bothers you. [30 SP]",
            "color": "white"
        },
        "icon": {
            "item": "minecraft:feather"
        },
        "frame": "task",
        "show_toast": true,
        "announce_to_chat": false,
        "hidden": false
    },
    "criteria": {
        "Skill": {
            "trigger": "minecraft:impossible"
        }
    },
    "parent": "dragon:root"
}