{
    "display": {
        "title": {
            "text": "Dark Element"
        },
        "description": {
            "text": "Villages see you as evil, You have night vision, and the light of day weakens you. You also have wings. [30 SP]",
            "color": "black"
        },
        "icon": {
            "item": "minecraft:black_concrete"
        },
        "frame": "task",
        "show_toast": true,
        "announce_to_chat": false,
        "hidden": false
    },
    "criteria": {
        "Skill": {
            "trigger": "minecraft:impossible"
        }
    },
    "parent": "dragon:root"
}