{
    "display": {
        "title": {
            "text": "Earth Element"
        },
        "description": {
            "text": "Your eyes have accustomed to the dark and your arms for digging, but being above the surface bothers you. [30 SP]",
            "color": "gray"
        },
        "icon": {
            "item": "minecraft:dirt"
        },
        "frame": "task",
        "show_toast": true,
        "announce_to_chat": false,
        "hidden": false
    },
    "criteria": {
        "Skill": {
            "trigger": "minecraft:impossible"
        }
    },
    "parent": "dragon:root"
}