{
    "display": {
        "title": {
            "text": "Fire Element"
        },
        "description": {
            "text": "Your are scales accustomed to fire, and you have blazing wings, but water hurts you. [30 SP]",
            "color": "red"
        },
        "icon": {
            "item": "minecraft:blaze_powder"
        },
        "frame": "task",
        "show_toast": true,
        "announce_to_chat": false,
        "hidden": false
    },
    "criteria": {
        "Skill": {
            "trigger": "minecraft:impossible"
        }
    },
    "parent": "dragon:root"
}