{
    "display": {
        "title": {
            "text": "Light Element"
        },
        "description": {
            "text": "Villagers give you discounts in hopes you'll protect them, You're luckier, darkness weakens you, and have wings. You do not enjoy meat as much as other dragons. [50 SP]",
            "color": "yellow"
        },
        "icon": {
            "item": "minecraft:glowstone"
        },
        "frame": "task",
        "show_toast": true,
        "announce_to_chat": false,
        "hidden": false
    },
    "criteria": {
        "Skill": {
            "trigger": "minecraft:impossible"
        }
    },
    "parent": "dragon:root"
}