{
    "display": {
        "title": {
            "text": "Water Element"
        },
        "description": {
            "text": "You have gills and wings that may carry you through the air if need be, but being above water bothers you. [30 SP]",
            "color": "aqua"
        },
        "icon": {
            "item": "minecraft:water_bucket"
        },
        "frame": "task",
        "show_toast": true,
        "announce_to_chat": false,
        "hidden": false
    },
    "criteria": {
        "Skill": {
            "trigger": "minecraft:impossible"
        }
    },
    "parent": "dragon:root"
}