{
    "type": "origins:multiple",
    "toggle": {
        "type": "origins:toggle",
        "active_by_default": false,
        "key": {
            "key": "key.origins.nonary_active"
        }
    },
    "aura": {
        "condition": {
            "type": "origins:power_active",
            "power": "dragon:skills/layer_five/path_one/op_one/dark_toggle"
        },
        "type": "origins:action_over_time",
        "entity_action":{
            "type": "origins:area_of_effect",
            "radius": 4,
            "bientity_action": {
                "type": "origins:target_action",
                "action": {
                    "type": "origins:if_else",
                    "condition": {
                        "type": "origins:entity_group",
                        "group": "undead"
                    },
                    "if_action": {
                        "type": "origins:heal",
                        "amount": 2
                    },
                    "else_action": {
                        "type": "origins:damage",
                        "amount": 2,
                        "source": {
                            "name": "indirectMagic",
                            "magic": true
                        }
                    }
                }
            }
        },
        "interval": 20
    },
    "particle_aura": {
        "condition": {
            "type": "origins:power_active",
            "power": "dragon:skills/layer_five/path_one/op_one/dark_toggle"
        },
        "type": "origins:action_over_time",
        "entity_action":{
            "type": "origins:spawn_particles",
            "particle": {
                "type": "minecraft:block",
                "params": "minecraft:black_concrete"
            },
            "count": 1000,
            "speed": 0.5,
            "force": true,
            "spread": {
                "x": 2.6,
                "y": 0.0,
                "z": 2.6
            },
            "offset_y": 0.1
        },
        "interval": 10
    },
    "particle_player": {
        "condition": {
            "type": "origins:power_active",
            "power": "dragon:skills/layer_five/path_one/op_one/dark_toggle"
        },
        "type": "origins:particle",
        "particle": {
            "type": "minecraft:block",
            "params": "minecraft:black_concrete"
        },
        "frequency": 1
    },
    "hud": {
        "type": "origins:resource",
        "min": 0,
        "max": 7,
        "start_value": 1,
        "hud_render": {
            "condition": {
                "type": "origins:power_active",
                "power": "dragon:skills/layer_five/path_one/op_one/dark_toggle"
            },
            "sprite_location": "origins:textures/gui/community/spiderkolo/resource_bar_points_01.png",
            "bar_index": 10
        }
    },
    "hidden": true
}