{
    "type": "origins:multiple",
    "earth_untrust": {
        "type": "origins:prevent_entity_use",
        "bientity_condition": {
            "type": "origins:target_condition",
            "condition": {
                "type": "origins:entity_type",
                "entity_type": "minecraft:villager"
            }
        }
    },
    "earth_luck": {
        "type": "origins:attribute",
        "modifier": {
            "attribute": "minecraft:generic.luck",
            "operation": "addition",
            "value": 30
        }
    }
}