{
    "type": "origins:multiple",
    "cooldown": {
        "type": "origins:cooldown",
        "cooldown": 100,
        "hud_render": {
            "inverted": true,
            "sprite_location": "origins:textures/gui/community/spiderkolo/resource_bar_02.png"
        }
    },
    "toggle": {
        "type": "origins:toggle",
        "active_by_default": false,
        "key": {
            "key": "kljhzdsgjsdlfakgxbgfdjhklvgfdlzhbjk"
        }
    },
    "get_rid_of_power": {
        "type": "origins:action_over_time",
        "condition": {
            "type": "origins:and",
            "conditions": [
                {
                    "type": "origins:power_active",
                    "power": "dragon:skills/layer_five/path_one/op_one/resistance_wo_resistance_toggle"
                },
                {
                    "type": "origins:resource",
                    "resource": "dragon:skills/layer_five/path_one/op_one/resistance_wo_resistance_cooldown",
                    "comparison": "==",
                    "compare_to": 0
                }
            ]
        },
        "interval": 1,
        "entity_action": {
            "type": "origins:and",
            "actions": [
                {
                    "type": "origins:revoke_power",
                    "power": "dragon:skills/layer_five/path_one/op_one/resistance_wo_resistance",
                    "source": "dragon:skills/layer_five/path_one/op_one/light"
                },
                {
                    "type": "origins:revoke_power",
                    "power": "dragon:skills/layer_five/path_one/op_one/resistance_wo_resistance",
                    "source": "apoli:command"
                }
            ]
        }
    },
    "activte_power": {
        "type": "origins:action_over_time",
        "condition": {
            "type": "origins:resource",
            "resource": "dragon:skills/layer_five/path_one/op_one/resistance_wo_resistance_cooldown",
            "comparison": "==",
            "compare_to": 0
        },
        "interval": 1,
        "entity_action": {
            "type": "origins:trigger_cooldown",
            "power": "dragon:skills/layer_five/path_one/op_one/resistance_wo_resistance_cooldown"
        }
    },
    "activate_self_destruct": {
        "type": "origins:action_over_time",
        "condition": {
            "type": "origins:and",
            "conditions": [
                {
                    "type": "origins:power_active",
                    "power": "dragon:skills/layer_five/path_one/op_one/resistance_wo_resistance_toggle",
                    "inverted": true
                },
                {
                    "type": "origins:resource",
                    "resource": "dragon:skills/layer_five/path_one/op_one/resistance_wo_resistance_cooldown",
                    "comparison": ">=",
                    "compare_to": 1
                }
            ]
        },
        "interval": 1,
        "entity_action": {
            "type": "origins:toggle",
            "power": "dragon:skills/layer_five/path_one/op_one/resistance_wo_resistance_toggle"
        }
    },
    "resistance": {
        "type": "origins:attribute",
        "modifier": {
            "name": "Max health increase",
            "attribute": "minecraft:generic.armor",
            "value": 4,
            "operation": "addition"
        }
    }
}