{
    "type": "origins:multiple",
    "air": {
        "type": "origins:conditioned_attribute",
        "condition": {
            "type": "origins:advancement",
            "advancement": "dragon:layer_five/path_one/op_one/air"
        },
        "modifier": {
            "attribute": "minecraft:generic.attack_speed",
            "operation": "addition",
            "value": 0.2
        }
    },
    "earth_untrust": {
        "type": "origins:prevent_entity_use",
        "condition": {
            "type": "origins:advancement",
            "advancement": "dragon:layer_five/path_one/op_one/earth"
        },
        "bientity_condition": {
            "type": "origins:target_condition",
            "condition": {
                "type": "origins:entity_type",
                "entity_type": "minecraft:villager"
            }
        }
    },
    "earth_luck": {
        "type": "origins:conditioned_attribute",
        "condition": {
            "type": "origins:advancement",
            "advancement": "dragon:layer_five/path_one/op_one/earth"
        },
        "modifier": {
            "attribute": "minecraft:generic.luck",
            "operation": "addition",
            "value": 30
        }
    },
    "fire": {
        "type": "origins:conditioned_attribute",
        "condition": {
            "type": "origins:advancement",
            "advancement": "dragon:layer_five/path_one/op_one/fire"
        },
        "modifier": {
            "attribute": "minecraft:generic.movement_speed",
            "operation": "addition",
            "value": 0.02
        }
    },
    "water":{
        "type": "origins:conditioned_attribute",
        "condition": {
            "type": "origins:and",
            "conditions": [
                {
                    "type": "origins:advancement",
                    "advancement": "dragon:layer_five/path_one/op_one/water"
                },
                {
                    "type": "origins:in_rain"
                }
            ]

        },
        "modifier": {
            "attribute": "minecraft:generic.luck",
            "operation": "addition",
            "value": 40
        }
    },
    "air_size": {
        "type": "origins:action_over_time",
        "entity_action": {
            "type": "origins:execute_command",
            "command": "scale set pehkui:base 0.8 @s"
        },
        "interval": 20,
        "condition": {
            "type": "origins:and",
            "conditions": [
                {
                    "type": "origins:advancement",
                    "advancement": "dragon:layer_two/light",
                    "inverted": true
                },
                {
                    "type": "origins:advancement",
                    "advancement": "dragon:layer_two/dark",
                    "inverted": true
                },
                {
                    "type": "origins:advancement",
                    "advancement": "dragon:layer_five/path_one/op_one/air"
                }
            ]
        }
    },
    "hidden": true
}