{
    "display": {
        "title": {
            "text": "Flexible wings"
        },
        "description": {
            "text": "Your wings improve, giving you more jump height [1 SP]",
            "color": "white"
        },
        "icon": {
            "item": "minecraft:feather"
        },
        "frame": "goal",
        "show_toast": true,
        "announce_to_chat": false,
        "hidden": false
    },
    "criteria": {
        "Skill": {
            "trigger": "minecraft:impossible"
        }
    },
    "parent": "dragon:base_skills/air"
}