{
    "display": {
        "title": {
            "text": "Growing darkness"
        },
        "description": {
            "text": "The darkness grants you more power [1 SP]",
            "color": "black"
        },
        "icon": {
            "item": "minecraft:black_concrete"
        },
        "frame": "goal",
        "show_toast": true,
        "announce_to_chat": false,
        "hidden": false
    },
    "criteria": {
        "Skill": {
            "trigger": "minecraft:impossible"
        }
    },
    "parent": "dragon:base_skills/dark"
}