{
    "display": {
        "title": {
            "text": "Hardened scales"
        },
        "description": {
            "text": "Your scales harden, giving you more defense. [1 SP]",
            "color": "gray"
        },
        "icon": {
            "item": "minecraft:dirt"
        },
        "frame": "goal",
        "show_toast": true,
        "announce_to_chat": false,
        "hidden": false
    },
    "criteria": {
        "Skill": {
            "trigger": "minecraft:impossible"
        }
    },
    "parent": "dragon:base_skills/earth"
}