{
    "display": {
        "title": {
            "text": "Burning fire"
        },
        "description": {
            "text": "The fire inside you burns brighter, giving you more attack [1 SP]",
            "color": "red"
        },
        "icon": {
            "item": "minecraft:blaze_powder"
        },
        "frame": "goal",
        "show_toast": true,
        "announce_to_chat": false,
        "hidden": false
    },
    "criteria": {
        "Skill": {
            "trigger": "minecraft:impossible"
        }
    },
    "parent": "dragon:base_skills/fire"
}