{
    "display": {
        "title": {
            "text": "Light blessing"
        },
        "description": {
            "text": "The light blesses you. [1 SP]",
            "color": "yellow"
        },
        "icon": {
            "item": "minecraft:glowstone"
        },
        "frame": "goal",
        "show_toast": true,
        "announce_to_chat": false,
        "hidden": false
    },
    "criteria": {
        "Skill": {
            "trigger": "minecraft:impossible"
        }
    },
    "parent": "dragon:base_skills/light"
}