{
    "display": {
        "title": {
            "text": "Webbed claws"
        },
        "description": {
            "text": "You grow more adept at swimming, able to swim faster. [1 SP]",
            "color": "aqua"
        },
        "icon": {
            "item": "minecraft:water_bucket"
        },
        "frame": "goal",
        "show_toast": true,
        "announce_to_chat": false,
        "hidden": false
    },
    "criteria": {
        "Skill": {
            "trigger": "minecraft:impossible"
        }
    },
    "parent": "dragon:base_skills/water"
}