{
    "display": {
        "title": {
            "text": "Complete darkness"
        },
        "description": {
            "text": "Your soul is now consumed by darkness, making you undead, and immune to most poisons. [10 Skill Points]",
            "color": "black"
        },
        "icon": {
            "item": "minecraft:black_concrete"
        },
        "frame": "task",
        "show_toast": true,
        "announce_to_chat": false,
        "hidden": false
    },
    "criteria": {
        "Skill": {
            "trigger": "minecraft:impossible"
        }
    },
    "parent": "dragon:layer_two/dark"
}