{
    "display": {
        "title": {
            "text": "Fiery spirit"
        },
        "description": {
            "text": "Your spirit has become a blazing fire, allowing you to light enemies on fire. However, cold biomes dont seem to agree with your fiery soul. [10 Skill Points]",
            "color": "red"
        },
        "icon": {
            "item": "minecraft:blaze_powder"
        },
        "frame": "task",
        "show_toast": true,
        "announce_to_chat": false,
        "hidden": false
    },
    "criteria": {
        "Skill": {
            "trigger": "minecraft:impossible"
        }
    },
    "parent": "dragon:layer_two/fire"
}