{
    "display": {
        "title": {
            "text": "Webbed feet"
        },
        "description": {
            "text": "Your feet are now webbed, and you can swim faster! However, you are now flammable. [10 Skill Points]",
            "color": "aqua"
        },
        "icon": {
            "item": "minecraft:water_bucket"
        },
        "frame": "task",
        "show_toast": true,
        "announce_to_chat": false,
        "hidden": false
    },
    "criteria": {
        "Skill": {
            "trigger": "minecraft:impossible"
        }
    },
    "parent": "dragon:layer_two/water"
}