{
    "type": "origins:action_over_time",
    "entity_action":{
        "type": "origins:and",
        "actions":[
            {
                "type": "origins:execute_command",
                "command": "function dragon:triggers/layer_six/air/atmospheric_manipulator"
            },
            {
                "type": "origins:execute_command",
                "command": "origin set @s origins:layer_six dragon:none"
            }
        ]
    },
    "interval": 1,
    "hidden": true
}