{
    "display": {
        "title": {
            "text": "Darkened Shards"
        },
        "description": {
            "text": "By pressing ",
            "color": "black",
            "extra": [
              {
                "keybind": "key.origins.nonary_active",
                "color": "black"
              },
              {
                "text": ", you can shoot out several damaging shards of darkness. However, doing this has reduced your max health. where did you think those shards came from? [15 SP]",
                "color": "black"
              }
            ]
        },
        "icon": {
            "item": "minecraft:black_concrete"
        },
        "frame": "challenge",
        "show_toast": true,
        "announce_to_chat": false,
        "hidden": false
    },
    "criteria": {
        "Skill": {
            "trigger": "minecraft:impossible"
        }
    },
    "parent": "dragon:layer_five/path_two/op_one/dark"
}