{
    "type": "origins:multiple",
    "air": {
        "type": "origins:conditioned_attribute",
        "condition": {
            "type": "origins:advancement",
            "advancement": "dragon:layer_two/air"
        },
        "modifiers": [
            {
                "attribute": "minecraft:generic.movement_speed",
                "operation": "addition",
                "value": 0.02
            },
            {
                "attribute": "minecraft:generic.armor",
                "operation": "addition",
                "value": -2
            }
        ]
    },
    "dark_atk": {
        "type": "origins:conditioned_attribute",
        "condition": {
            "type": "origins:advancement",
            "advancement": "dragon:layer_two/dark"
        },
        "modifier": {
            "attribute": "minecraft:generic.attack_damage",
            "operation": "addition",
            "value": 0.5
        }
    },
    "dark_size": {
        "type": "origins:action_over_time",
        "entity_action": {
            "type": "origins:execute_command",
            "command": "scale set pehkui:base 1.2 @s"
        },
        "interval": 20,
        "condition": {
            "type": "origins:and",
            "conditions": [
                {
                    "type": "origins:advancement",
                    "advancement": "dragon:layer_two/dark"
                },
                {
                    "type": "origins:advancement",
                    "advancement": "dragon:layer_two/light",
                    "inverted": true
                },
                {
                    "type": "origins:advancement",
                    "advancement": "dragon:layer_five/path_one/op_one/air",
                    "inverted": true
                } 
            ]
        }
    },
    "earth_speed": {
        "type": "origins:conditioned_attribute",
        "condition": {
            "type": "origins:advancement",
            "advancement": "dragon:layer_two/earth"
        },
        "modifier": {
            "attribute": "minecraft:generic.movement_speed",
            "operation": "addition",
            "value": -0.01
        }
    },
    "earth_dig_speed": {
        "type": "origins:modify_break_speed",
        "condition": {
            "type": "origins:advancement",
            "advancement": "dragon:layer_two/earth"
        },
        "modifier": {
            "operation": "addition",
            "value": 0.01
        }
    },
    "fire": {
        "type": "origins:conditioned_attribute",
        "condition": {
            "type": "origins:advancement",
            "advancement": "dragon:layer_two/fire"
        },
        "modifiers": [
            {
                "attribute": "minecraft:generic.attack_speed",
                "operation": "addition",
                "value": 0.2
            },
            {
                "attribute": "minecraft:generic.armor",
                "operation": "addition",
                "value": -2
            }
        ]
    },
    "light_size": {
        "type": "origins:action_over_time",
        "entity_action": {
            "type": "origins:execute_command",
            "command": "scale set pehkui:base 0.8 @s"
        },
        "interval": 20,
        "condition": {
            "type": "origins:and",
            "conditions": [
                {
                    "type": "origins:advancement",
                    "advancement": "dragon:layer_two/light"
                },
                {
                    "type": "origins:advancement",
                    "advancement": "dragon:layer_two/dark",
                    "inverted": true
                },
                {
                    "type": "origins:advancement",
                    "advancement": "dragon:layer_five/path_one/op_one/air",
                    "inverted": true
                }
            ]
        }
    },
    "light_villager": {
        "type": "origins:action_over_time",
        "interval": 10,
        "entity_action": {
            "type": "origins:and",
            "actions": [
                {
                    "type": "origins:execute_command",
                    "command": "execute at @s as @e[type=villager,distance=..7] run data merge entity @s {Gossips:[{Target:[I;1,1,1,1],Type:'minor_positive',Value:35}]}",
                    "permission_level": 2
                },
                {
                    "type": "origins:execute_command",
                    "command": "execute at @s as @e[type=villager,distance=..7] run data modify entity @s Gossips[{Target:[I;1,1,1,1]}].Target set from entity @p[advancements={dragon:layer_two/light=true}] UUID",
                    "permission_level": 2
                }
            ]
        },
        "condition":{
            "type": "origins:advancement",
            "advancement": "dragon:layer_two/light"
        }
    },
    "water": {
        "type": "origins:conditioned_attribute",
        "condition": {
            "type": "origins:and",
            "conditions":[
                {
                    "type": "origins:advancement",
                    "advancement": "dragon:layer_two/water"
                },
                {
                    "type": "origins:fluid_height",
                    "fluid": "minecraft:water",
                    "comparison": "!=",
                    "compare_to": 0
                }
            ]
        },
        "modifier": {
            "attribute": "minecraft:generic.attack_damage",
            "operation": "addition",
            "value": 0.5
        }
    },
    "l_and_d": {
        "type": "origins:action_over_time",
        "entity_action": {
            "type": "origins:execute_command",
            "command": "scale set pehkui:base 1 @s"
        },
        "interval": 20,
        "condition": {
            "type": "origins:and",
            "conditions": [
                {
                    "type": "origins:advancement",
                    "advancement": "dragon:layer_two/light"
                },
                {
                    "type": "origins:advancement",
                    "advancement": "dragon:layer_two/dark"
                },
                {
                    "type": "origins:advancement",
                    "advancement": "dragon:layer_five/path_one/op_one/air",
                    "inverted": true
                } 
            ]
        }
    },
    "d_and_a": {
        "type": "origins:action_over_time",
        "entity_action": {
            "type": "origins:execute_command",
            "command": "scale set pehkui:base 1 @s"
        },
        "interval": 20,
        "condition": {
            "type": "origins:and",
            "conditions": [
                {
                    "type": "origins:advancement",
                    "advancement": "dragon:layer_two/light",
                    "inverted": true
                },
                {
                    "type": "origins:advancement",
                    "advancement": "dragon:layer_two/dark"
                },
                {
                    "type": "origins:advancement",
                    "advancement": "dragon:layer_five/path_one/op_one/air"
                } 
            ]
        }
    },
    "l_and_a": {
        "type": "origins:action_over_time",
        "entity_action": {
            "type": "origins:execute_command",
            "command": "scale set pehkui:base 0.6 @s"
        },
        "interval": 20,
        "condition": {
            "type": "origins:and",
            "conditions": [
                {
                    "type": "origins:advancement",
                    "advancement": "dragon:layer_two/light"
                },
                {
                    "type": "origins:advancement",
                    "advancement": "dragon:layer_two/dark",
                    "inverted": true
                },
                {
                    "type": "origins:advancement",
                    "advancement": "dragon:layer_five/path_one/op_one/air"
                } 
            ]
        }
    },
    "l_and_d_a": {
        "type": "origins:action_over_time",
        "entity_action": {
            "type": "origins:execute_command",
            "command": "scale set pehkui:base 0.9 @s"
        },
        "interval": 20,
        "condition": {
            "type": "origins:and",
            "conditions": [
                {
                    "type": "origins:advancement",
                    "advancement": "dragon:layer_two/light"
                },
                {
                    "type": "origins:advancement",
                    "advancement": "dragon:layer_two/dark"
                },
                {
                    "type": "origins:advancement",
                    "advancement": "dragon:layer_five/path_one/op_one/air"
                } 
            ]
        }
    },
    "no_size": {
        "type": "origins:action_over_time",
        "entity_action": {
            "type": "origins:execute_command",
            "command": "scale set pehkui:base 1 @s"
        },
        "interval": 20,
        "condition": {
            "type": "origins:and",
            "conditions": [
                {
                    "type": "origins:advancement",
                    "advancement": "dragon:layer_two/light",
                    "inverted": true
                },
                {
                    "type": "origins:advancement",
                    "advancement": "dragon:layer_two/dark",
                    "inverted": true
                },
                {
                    "type": "origins:advancement",
                    "advancement": "dragon:layer_five/path_one/op_one/air",
                    "inverted": true
                } 
                
            ]
        }
    },
    "hidden": true
}