{
    "type": "origins:multiple",
    "cooldown": {
        "type": "origins:cooldown",
        "cooldown": 300,
        "hud_render": {
            "sprite_location": "origins:textures/gui/community/spiderkolo/resource_bar_02.png",
            "bar_index": 3
        }
    },
    "toggle": {
        "type": "origins:toggle",
        "active_by_default": false,
        "key": {
            "key": "lfjgnkljdfngkljdfngklj"
        }
    },
    "get_rid_of_power": {
        "type": "origins:action_over_time",
        "condition": {
            "type": "origins:and",
            "conditions": [
                {
                    "type": "origins:power_active",
                    "power": "dragon:skills/layer_six/earth/mining_speed_toggle"
                },
                {
                    "type": "origins:resource",
                    "resource": "dragon:skills/layer_six/earth/mining_speed_cooldown",
                    "comparison": "==",
                    "compare_to": 0
                }
            ]
        },
        "interval": 1,
        "entity_action": {
            "type": "origins:and",
            "actions": [
                {
                    "type": "origins:revoke_power",
                    "power": "dragon:skills/layer_six/earth/mining_speed",
                    "source": "dragon:skills/layer_six/earth/mineral_miner"
                },
                {
                    "type": "origins:revoke_power",
                    "power": "dragon:skills/layer_six/earth/mining_speed",
                    "source": "apoli:command"
                }
            ]
        }
    },
    "activte_power": {
        "type": "origins:action_over_time",
        "condition": {
            "type": "origins:and",
            "conditions": [
                {
                    "type": "origins:power_active",
                    "power": "dragon:skills/layer_six/earth/mining_speed_toggle",
                    "inverted": true
                },
                {
                    "type": "origins:resource",
                    "resource": "dragon:skills/layer_six/earth/mining_speed_cooldown",
                    "comparison": "==",
                    "compare_to": 0
                }
            ]
        },
        "interval": 1,
        "entity_action": {
            "type": "origins:trigger_cooldown",
            "power": "dragon:skills/layer_six/earth/mining_speed_cooldown"
        }
    },
    "activate_self_destruct": {
        "type": "origins:action_over_time",
        "condition": {
            "type": "origins:and",
            "conditions": [
                {
                    "type": "origins:power_active",
                    "power": "dragon:skills/layer_six/earth/mining_speed_toggle",
                    "inverted": true
                },
                {
                    "type": "origins:resource",
                    "resource": "dragon:skills/layer_six/earth/mining_speed_cooldown",
                    "comparison": ">=",
                    "compare_to": 1
                }
            ]
        },
        "interval": 1,
        "entity_action": {
            "type": "origins:toggle",
            "power": "dragon:skills/layer_six/earth/mining_speed_toggle"
        }
    },
    "mining": {
        "type": "origins:modify_break_speed",
        "modifier": {
            "operation": "multiply_base",
            "value": 678
        }
    }
}