{
  "type": "origins:multiple",
  "fire_immune": {
    "type": "origins:fire_immunity"
  },
  "wings": {
    "type": "origins:elytra_flight",
    "render_elytra": true
  },
  "rain_weakness": {
    "type": "origins:damage_over_time",
    "interval": 20,
    "onset_delay": 1,
    "damage": 5,
    "damage_easy": 2,
    "damage_source": {
      "name": "hurt_by_water",
      "unblockable": true,
      "bypasses_armor": true
    },
    "protection_enchantment": "origins:water_protection",
    "protection_effectiveness": 1,
    "condition": {
      "type": "origins:and",
      "conditions": [
        {
          "type": "origins:in_rain"
        },
        {
          "type": "origins:or",
          "conditions": [
            {
              "type": "origins:command",
              "command": "data get entity @s Inventory[{Slot:103b}].tag.\"dml-refabricated.dataModel\"{id:\"dml-refabricated:data_model_ocean\"}.tag.\"dml-refabricated.datamodel.dataAmount\"",
              "comparison": "<",
              "compare_to": 64
            },
            {
              "type": "origins:command",
              "command": "execute if data entity @s {Inventory:[{Slot: 103b,tag:{disabledEffects:[\"dml-refabricated:poseidon_bless\"]}}]}",
              "comparison": "==",
              "compare_to": 1
            }
          ]
        },
        {
          "type": "origins:or",
          "conditions": [
            {
              "type": "origins:command",
              "command": "data get entity @s Inventory[{Slot:102b}].tag.\"dml-refabricated.dataModel\"{id:\"dml-refabricated:data_model_ocean\"}.tag.\"dml-refabricated.datamodel.dataAmount\"",
              "comparison": "<",
              "compare_to": 64
            },
            {
              "type": "origins:command",
              "command": "execute if data entity @s {Inventory:[{Slot: 102b,tag:{disabledEffects:[\"dml-refabricated:poseidon_bless\"]}}]}",
              "comparison": "==",
              "compare_to": 1
            }
          ]
        },
        {
          "type": "origins:or",
          "conditions": [
            {
              "type": "origins:command",
              "command": "data get entity @s Inventory[{Slot:101b}].tag.\"dml-refabricated.dataModel\"{id:\"dml-refabricated:data_model_ocean\"}.tag.\"dml-refabricated.datamodel.dataAmount\"",
              "comparison": "<",
              "compare_to": 64
            },
            {
              "type": "origins:command",
              "command": "execute if data entity @s {Inventory:[{Slot: 101b,tag:{disabledEffects:[\"dml-refabricated:poseidon_bless\"]}}]}",
              "comparison": "==",
              "compare_to": 1
            }
          ]
        },
        {
          "type": "origins:or",
          "conditions": [
            {
              "type": "origins:command",
              "command": "data get entity @s Inventory[{Slot:100b}].tag.\"dml-refabricated.dataModel\"{id:\"dml-refabricated:data_model_ocean\"}.tag.\"dml-refabricated.datamodel.dataAmount\"",
              "comparison": "<",
              "compare_to": 64
            },
            {
              "type": "origins:command",
              "command": "execute if data entity @s {Inventory:[{Slot: 100b,tag:{disabledEffects:[\"dml-refabricated:poseidon_bless\"]}}]}",
              "comparison": "==",
              "compare_to": 1
            }
          ]
        }
      ]
    }
  },
  "water_weakness": {
    "type": "origins:damage_over_time",
    "interval": 20,
    "onset_delay": 1,
    "damage": 5,
    "damage_easy": 2,
    "damage_source": {
      "name": "hurt_by_water",
      "unblockable": true,
      "bypasses_armor": true
    },
    "protection_enchantment": "origins:water_protection",
    "protection_effectiveness": 1,
    "condition": {
      "type": "origins:and",
      "conditions": [
        {
          "type": "origins:fluid_height",
          "fluid": "minecraft:water",
          "comparison": ">",
          "compare_to": 0
        },
        {
          "type": "origins:or",
          "conditions": [
            {
              "type": "origins:command",
              "command": "data get entity @s Inventory[{Slot:103b}].tag.\"dml-refabricated.dataModel\"{id:\"dml-refabricated:data_model_ocean\"}.tag.\"dml-refabricated.datamodel.dataAmount\"",
              "comparison": "<",
              "compare_to": 64
            },
            {
              "type": "origins:command",
              "command": "execute if data entity @s {Inventory:[{Slot: 103b,tag:{disabledEffects:[\"dml-refabricated:poseidon_bless\"]}}]}",
              "comparison": "==",
              "compare_to": 1
            }
          ]
        },
        {
          "type": "origins:or",
          "conditions": [
            {
              "type": "origins:command",
              "command": "data get entity @s Inventory[{Slot:102b}].tag.\"dml-refabricated.dataModel\"{id:\"dml-refabricated:data_model_ocean\"}.tag.\"dml-refabricated.datamodel.dataAmount\"",
              "comparison": "<",
              "compare_to": 64
            },
            {
              "type": "origins:command",
              "command": "execute if data entity @s {Inventory:[{Slot: 102b,tag:{disabledEffects:[\"dml-refabricated:poseidon_bless\"]}}]}",
              "comparison": "==",
              "compare_to": 1
            }
          ]
        },
        {
          "type": "origins:or",
          "conditions": [
            {
              "type": "origins:command",
              "command": "data get entity @s Inventory[{Slot:101b}].tag.\"dml-refabricated.dataModel\"{id:\"dml-refabricated:data_model_ocean\"}.tag.\"dml-refabricated.datamodel.dataAmount\"",
              "comparison": "<",
              "compare_to": 64
            },
            {
              "type": "origins:command",
              "command": "execute if data entity @s {Inventory:[{Slot: 101b,tag:{disabledEffects:[\"dml-refabricated:poseidon_bless\"]}}]}",
              "comparison": "==",
              "compare_to": 1
            }
          ]
        },
        {
          "type": "origins:or",
          "conditions": [
            {
              "type": "origins:command",
              "command": "data get entity @s Inventory[{Slot:100b}].tag.\"dml-refabricated.dataModel\"{id:\"dml-refabricated:data_model_ocean\"}.tag.\"dml-refabricated.datamodel.dataAmount\"",
              "comparison": "<",
              "compare_to": 64
            },
            {
              "type": "origins:command",
              "command": "execute if data entity @s {Inventory:[{Slot: 100b,tag:{disabledEffects:[\"dml-refabricated:poseidon_bless\"]}}]}",
              "comparison": "==",
              "compare_to": 1
            }
          ]
        }
      ]
    }
  },
  "hidden": true
}