{
    "type": "origins:multiple",
    "villager_thank":{
        "type": "origins:action_over_time",
        "interval": 10,
        "entity_action": {
            "type": "origins:and",
            "actions": [
                {
                    "type": "origins:execute_command",
                    "command": "execute at @s as @e[type=villager,distance=..7] run data merge entity @s {Gossips:[{Target:[I;1,1,1,1],Type:'minor_positive',Value:25}]}",
                    "permission_level": 2
                },
                {
                    "type": "origins:execute_command",
                    "command": "execute at @s as @e[type=villager,distance=..7] run data modify entity @s Gossips[{Target:[I;1,1,1,1]}].Target set from entity @p[advancements={dragon:base_skills/light=true}] UUID",
                    "permission_level": 2
                }
            ]
        },
        "condition":{
            "type": "origins:advancement",
            "advancement": "dragon:layer_two/light",
            "inverted": true
        }
    },
    "more_luck":{
        "type": "origins:attribute",
        "modifier": {
            "attribute": "minecraft:generic.luck",
            "operation": "addition",
            "value": 10
        }
    },
    "wings": {
        "type": "origins:elytra_flight",
        "render_elytra": true
    },
    "bad_night":{
        "condition": {
            "type": "origins:and",
            "conditions": [
                {
                    "type": "origins:daytime",
                    "inverted": true
                },
                {
                    "type": "origins:exposed_to_sky"
                }
            ]
        },
        "type": "origins:conditioned_attribute",
        "modifiers": [
            {
                "attribute": "minecraft:generic.attack_damage",
                "operation": "addition",
                "value": -8
            },
            {
                "attribute": "minecraft:generic.movement_speed",
                "operation": "addition",
                "value": -0.045
            }
        ],
        "tick_rate": 5
    },
    "only_veg": {
        "type": "origins:prevent_item_use",
        "item_condition": {
          "type": "origins:and",
          "conditions": [
            {
              "type": "origins:or",
              "conditions": [
                {
                  "type": "origins:ingredient",
                  "ingredient": {
                    "tag": "origins:meat"
                  }
                },
                {
                  "type": "origins:meat"
                }
              ]
            },
            {
              "type": "origins:food"
            },
            {
              "type": "origins:ingredient",
              "ingredient": {
                "tag": "origins:ignore_diet"
              },
              "inverted": true
            }
          ]
        }
    },
    "hidden": true
}