{
    "type": "origins:multiple",
    "villager_thank":{
        "type": "origins:action_over_time",
        "interval": 10,
        "entity_action": {
            "type": "origins:and",
            "actions": [
                {
                    "type": "origins:execute_command",
                    "command": "execute at @s as @e[type=villager,distance=..7] run data merge entity @s {Gossips:[{Target:[I;1,1,1,1],Type:'minor_positive',Value:25}]}",
                    "permission_level": 2
                },
                {
                    "type": "origins:execute_command",
                    "command": "execute at @s as @e[type=villager,distance=..7] run data modify entity @s Gossips[{Target:[I;1,1,1,1]}].Target set from entity @p[advancements={dragon:base_skills/light=true}] UUID",
                    "permission_level": 2
                }
            ]
        },
        "condition":{
            "type": "origins:advancement",
            "advancement": "dragon:layer_two/light",
            "inverted": true
        }
    },
    "more_luck":{
        "type": "origins:attribute",
        "modifier": {
            "attribute": "minecraft:generic.luck",
            "operation": "addition",
            "value": 10
        }
    },
    "wings": {
        "type": "origins:elytra_flight",
        "render_elytra": true
    },
    "hidden": true
}