{
    "type": "origins:multiple",
    "villager_thank":{
        "type": "origins:action_over_time",
        "interval": 10,
        "entity_action": {
            "type": "origins:and",
            "actions": [
                {
                    "type": "origins:execute_command",
                    "command": "execute at @s as @e[type=villager,distance=..7] run data merge entity @s {Gossips:[{Target:[I;1,1,1,1],Type:'minor_positive',Value:25}]}",
                    "permission_level": 2
                },
                {
                    "type": "origins:execute_command",
                    "command": "execute at @s as @e[type=villager,distance=..7] run data modify entity @s Gossips[{Target:[I;1,1,1,1]}].Target set from entity @p[advancements={dragon:base_skills/light=true}] UUID",
                    "permission_level": 2
                }
            ]
        },
        "condition":{
            "type": "origins:and",
            "conditions":[
                {
                    "type": "origins:advancement",
                    "advancement": "dragon:base_skills/light"
                },
                {
                    "type": "origins:advancement",
                    "advancement": "dragon:layer_two/light",
                    "inverted": true
                }
            ]
        }
    },
    "more_luck":{
        "condition":{
            "type": "origins:advancement",
            "advancement": "dragon:base_skills/light"
        },
        "type": "origins:conditioned_attribute",
        "modifier": {
            "attribute": "minecraft:generic.luck",
            "operation": "addition",
            "value": 10
        }
    },
    "wings": {
        "condition": {
            "type": "origins:advancement",
            "advancement": "dragon:base_skills/light"
        },
        "type": "origins:elytra_flight",
        "render_elytra": true
    },
    "bad_night":{
        "condition": {
            "type": "origins:and",
            "conditions": [
                {
                    "type": "origins:advancement",
                    "advancement": "dragon:base_skills/light"
                },
                {
                    "type": "origins:daytime",
                    "inverted": true
                },
                {
                    "type": "origins:exposed_to_sky"
                }
            ]
        },
        "type": "origins:conditioned_attribute",
        "modifiers": [
            {
                "attribute": "minecraft:generic.attack_damage",
                "operation": "addition",
                "value": -8
            },
            {
                "attribute": "minecraft:generic.movement_speed",
                "operation": "addition",
                "value": -0.045
            }
        ],
        "tick_rate": 5
    },
    "no_meat_pref":{
        "type": "origins:modify_food",
        "condition": {
            "type": "origins:advancement",
            "advancement": "dragon:base_skills/light",
            "inverted": true
        },
        "item_condition": {
            "type": "origins:meat"
        },
        "food_modifier": {
            "name": "Increased food points",
            "operation": "addition",
            "value": 3.0
        },
        "saturation_modifier": {
            "name": "Increased saturation points",
            "operation": "addition",
            "value": 10
        }
    },
    "hidden": true
}