{
    "type": "origins:multiple",
    "no_drown": {
        "type": "origins:action_over_time",
        "condition": {
            "type": "origins:fluid_height",
            "fluid": "minecraft:water",
            "comparison": "!=",
            "compare_to": 0
        },
        "interval": 5,
        "entity_action": {
            "type": "origins:gain_air",
            "value": 20
        }
    },
    "wings": {
        "type": "origins:elytra_flight",
        "render_elytra": true
    },
    "hidden": true
}