{
    "name": "Base element",
    "origins": [
        {
            "condition": {
                "type": "origins:and",
                "conditions":[
                    {
                        "type": "origins:origin",
                        "origin": "dragon:dragon"
                    },
                    {
                        "type": "origins:resource",
                        "resource": "dragon:exp_skill_points",
                        "comparison": ">=",
                        "compare_to": 30
                    },
                    {
                        "type": "origins:advancement",
                        "advancement": "dragon:base_skills/air",
                        "inverted": true
                    },
                    {
                        "type": "origins:resource",
                        "resource": "dragon:exp_base_limiter",
                        "comparison": "!=",
                        "compare_to": 2
                    }
                ]
            },
            "origins": [
                "dragon:skills/base/air"
            ]
        },
        {
            "condition": {
                "type": "origins:and",
                "conditions":[
                    {
                        "type": "origins:origin",
                        "origin": "dragon:dragon"
                    },
                    {
                        "type": "origins:resource",
                        "resource": "dragon:exp_skill_points",
                        "comparison": ">=",
                        "compare_to": 30
                    },
                    {
                        "type": "origins:advancement",
                        "advancement": "dragon:base_skills/dark",
                        "inverted": true
                    },
                    {
                        "type": "origins:resource",
                        "resource": "dragon:exp_base_limiter",
                        "comparison": "!=",
                        "compare_to": 2
                    }
                ]
            },
            "origins": [
                "dragon:skills/base/dark"
            ]
        },
        {
            "condition": {
                "type": "origins:and",
                "conditions":[
                    {
                        "type": "origins:origin",
                        "origin": "dragon:dragon"
                    },
                    {
                        "type": "origins:resource",
                        "resource": "dragon:exp_skill_points",
                        "comparison": ">=",
                        "compare_to": 30
                    },
                    {
                        "type": "origins:advancement",
                        "advancement": "dragon:base_skills/earth",
                        "inverted": true
                    },
                    {
                        "type": "origins:resource",
                        "resource": "dragon:exp_base_limiter",
                        "comparison": "!=",
                        "compare_to": 2
                    }
                ]
            },
            "origins": [
                "dragon:skills/base/earth"
            ]
        },
        {
            "condition": {
                "type": "origins:and",
                "conditions":[
                    {
                        "type": "origins:origin",
                        "origin": "dragon:dragon"
                    },
                    {
                        "type": "origins:resource",
                        "resource": "dragon:exp_skill_points",
                        "comparison": ">=",
                        "compare_to": 30
                    },
                    {
                        "type": "origins:advancement",
                        "advancement": "dragon:base_skills/fire",
                        "inverted": true
                    },
                    {
                        "type": "origins:resource",
                        "resource": "dragon:exp_base_limiter",
                        "comparison": "!=",
                        "compare_to": 2
                    }
                ]
            },
            "origins": [
                "dragon:skills/base/fire"
            ]
        },
        {
            "condition": {
                "type": "origins:and",
                "conditions":[
                    {
                        "type": "origins:origin",
                        "origin": "dragon:dragon"
                    },
                    {
                        "type": "origins:resource",
                        "resource": "dragon:exp_skill_points",
                        "comparison": ">=",
                        "compare_to": 30
                    },
                    {
                        "type": "origins:advancement",
                        "advancement": "dragon:base_skills/light",
                        "inverted": true
                    },
                    {
                        "type": "origins:resource",
                        "resource": "dragon:exp_base_limiter",
                        "comparison": "!=",
                        "compare_to": 2
                    }
                ]
            },
            "origins": [
                "dragon:skills/base/light"
            ]
        },
        {
            "condition": {
                "type": "origins:and",
                "conditions":[
                    {
                        "type": "origins:origin",
                        "origin": "dragon:dragon"
                    },
                    {
                        "type": "origins:resource",
                        "resource": "dragon:exp_skill_points",
                        "comparison": ">=",
                        "compare_to": 30
                    },
                    {
                        "type": "origins:advancement",
                        "advancement": "dragon:base_skills/water",
                        "inverted": true
                    },
                    {
                        "type": "origins:resource",
                        "resource": "dragon:exp_base_limiter",
                        "comparison": "!=",
                        "compare_to": 2
                    }
                ]
            },
            "origins": [
                "dragon:skills/base/water"
            ]
        },
        {
            "condition": {
                "type": "origins:and",
                "conditions":[
                    {
                        "type": "origins:advancement",
                        "advancement": "dragon:root"
                    }
                ]
            },
            "origins": [
                "dragon:transitions/base/next"
            ]
        },
        {
            "condition": {
                "type": "origins:and",
                "conditions":[
                    {
                        "type": "origins:advancement",
                        "advancement": "dragon:root"
                    }
                ]
            },
            "origins": [
                "dragon:none"
            ]
        },
        {
            "condition": {
                "type": "origins:and",
                "conditions":[
                    {
                        "type": "origins:origin",
                        "origin": "dragon:dragon",
                        "inverted": true
                    }
                ]
            },
            "origins": [
                "dragon:none"
            ]
        }
    ],
    "hidden": true,
    "auto_choose": true
}