{
    "name": "Tier 2 skill",
    "hidden": true,
    "auto_choose": true,
    "origins": [
        {
            "condition": {
                "type": "origins:and",
                "conditions":[
                    {
                        "type": "origins:origin",
                        "origin": "dragon:dragon"
                    },
                    {
                        "type": "origins:resource",
                        "resource": "dragon:exp_skill_points",
                        "comparison": ">=",
                        "compare_to": 5
                    },
                    {
                        "type": "origins:advancement",
                        "advancement": "dragon:layer_two/air",
                        "inverted": true
                    },
                    {
                        "type": "origins:advancement",
                        "advancement": "dragon:layer_one/air"
                    }
                ]
            },
            "origins": [
                "dragon:skills/layer_two/air"
            ]
        },
        {
            "condition": {
                "type": "origins:and",
                "conditions":[
                    {
                        "type": "origins:origin",
                        "origin": "dragon:dragon"
                    },
                    {
                        "type": "origins:resource",
                        "resource": "dragon:exp_skill_points",
                        "comparison": ">=",
                        "compare_to": 5
                    },
                    {
                        "type": "origins:advancement",
                        "advancement": "dragon:layer_two/dark",
                        "inverted": true
                    },
                    {
                        "type": "origins:advancement",
                        "advancement": "dragon:layer_one/dark"
                    }
                ]
            },
            "origins": [
                "dragon:skills/layer_two/dark"
            ]
        },
        {
            "condition": {
                "type": "origins:and",
                "conditions":[
                    {
                        "type": "origins:origin",
                        "origin": "dragon:dragon"
                    },
                    {
                        "type": "origins:resource",
                        "resource": "dragon:exp_skill_points",
                        "comparison": ">=",
                        "compare_to": 5
                    },
                    {
                        "type": "origins:advancement",
                        "advancement": "dragon:layer_two/earth",
                        "inverted": true
                    },
                    {
                        "type": "origins:advancement",
                        "advancement": "dragon:layer_one/earth"
                    }
                ]
            },
            "origins": [
                "dragon:skills/layer_two/earth"
            ]
        },
        {
            "condition": {
                "type": "origins:and",
                "conditions":[
                    {
                        "type": "origins:origin",
                        "origin": "dragon:dragon"
                    },
                    {
                        "type": "origins:resource",
                        "resource": "dragon:exp_skill_points",
                        "comparison": ">=",
                        "compare_to": 5
                    },
                    {
                        "type": "origins:advancement",
                        "advancement": "dragon:layer_two/fire",
                        "inverted": true
                    },
                    {
                        "type": "origins:advancement",
                        "advancement": "dragon:layer_one/fire"
                    }
                ]
            },
            "origins": [
                "dragon:skills/layer_two/fire"
            ]
        },
        {
            "condition": {
                "type": "origins:and",
                "conditions":[
                    {
                        "type": "origins:origin",
                        "origin": "dragon:dragon"
                    },
                    {
                        "type": "origins:resource",
                        "resource": "dragon:exp_skill_points",
                        "comparison": ">=",
                        "compare_to": 5
                    },
                    {
                        "type": "origins:advancement",
                        "advancement": "dragon:layer_two/light",
                        "inverted": true
                    },
                    {
                        "type": "origins:advancement",
                        "advancement": "dragon:layer_one/light"
                    }
                ]
            },
            "origins": [
                "dragon:skills/layer_two/light"
            ]
        },
        {
            "condition": {
                "type": "origins:and",
                "conditions":[
                    {
                        "type": "origins:origin",
                        "origin": "dragon:dragon"
                    },
                    {
                        "type": "origins:resource",
                        "resource": "dragon:exp_skill_points",
                        "comparison": ">=",
                        "compare_to": 5
                    },
                    {
                        "type": "origins:advancement",
                        "advancement": "dragon:layer_two/water",
                        "inverted": true
                    },
                    {
                        "type": "origins:advancement",
                        "advancement": "dragon:layer_one/water"
                    }
                ]
            },
            "origins": [
                "dragon:skills/layer_two/water"
            ]
        },
        {
            "condition": {
                "type": "origins:and",
                "conditions":[
                    {
                        "type": "origins:advancement",
                        "advancement": "dragon:root"
                    }
                ]
            },
            "origins": [
                "dragon:transitions/layer_two/previous"
            ]
        },
        {
            "condition": {
                "type": "origins:and",
                "conditions":[
                    {
                        "type": "origins:advancement",
                        "advancement": "dragon:root"
                    }
                ]
            },
            "origins": [
                "dragon:transitions/layer_two/next"
            ]
        },
        {
            "condition": {
                "type": "origins:and",
                "conditions":[
                    {
                        "type": "origins:advancement",
                        "advancement": "dragon:root"
                    }
                ]
            },
            "origins": [
                "dragon:none"
            ]
        },
        {
            "condition": {
                "type": "origins:and",
                "conditions":[
                    {
                        "type": "origins:origin",
                        "origin": "dragon:dragon",
                        "inverted": true
                    }
                ]
            },
            "origins": [
                "dragon:none"
            ]
        }
    ]
}