{
    "name": "Tier 3 skill",
    "hidden": true,
    "auto_choose": true,
    "origins": [
        {
            "condition": {
                "type": "origins:and",
                "conditions":[
                    {
                        "type": "origins:origin",
                        "origin": "dragon:dragon"
                    },
                    {
                        "type": "origins:resource",
                        "resource": "dragon:exp_skill_points",
                        "comparison": ">=",
                        "compare_to": 10
                    },
                    {
                        "type": "origins:advancement",
                        "advancement": "dragon:layer_three/air",
                        "inverted": true
                    },
                    {
                        "type": "origins:advancement",
                        "advancement": "dragon:layer_two/air"
                    }
                ]
            },
            "origins": [
                "dragon:skills/layer_three/air"
            ]
        },
        {
            "condition": {
                "type": "origins:and",
                "conditions":[
                    {
                        "type": "origins:origin",
                        "origin": "dragon:dragon"
                    },
                    {
                        "type": "origins:resource",
                        "resource": "dragon:exp_skill_points",
                        "comparison": ">=",
                        "compare_to": 10
                    },
                    {
                        "type": "origins:advancement",
                        "advancement": "dragon:layer_three/dark",
                        "inverted": true
                    },
                    {
                        "type": "origins:advancement",
                        "advancement": "dragon:layer_two/dark"
                    }
                ]
            },
            "origins": [
                "dragon:skills/layer_three/dark"
            ]
        },
        {
            "condition": {
                "type": "origins:and",
                "conditions":[
                    {
                        "type": "origins:origin",
                        "origin": "dragon:dragon"
                    },
                    {
                        "type": "origins:resource",
                        "resource": "dragon:exp_skill_points",
                        "comparison": ">=",
                        "compare_to": 15
                    },
                    {
                        "type": "origins:advancement",
                        "advancement": "dragon:layer_three/earth",
                        "inverted": true
                    },
                    {
                        "type": "origins:advancement",
                        "advancement": "dragon:layer_two/earth"
                    }
                ]
            },
            "origins": [
                "dragon:skills/layer_three/earth"
            ]
        },
        {
            "condition": {
                "type": "origins:and",
                "conditions":[
                    {
                        "type": "origins:origin",
                        "origin": "dragon:dragon"
                    },
                    {
                        "type": "origins:resource",
                        "resource": "dragon:exp_skill_points",
                        "comparison": ">=",
                        "compare_to": 10
                    },
                    {
                        "type": "origins:advancement",
                        "advancement": "dragon:layer_three/fire",
                        "inverted": true
                    },
                    {
                        "type": "origins:advancement",
                        "advancement": "dragon:layer_two/fire"
                    }
                ]
            },
            "origins": [
                "dragon:skills/layer_three/fire"
            ]
        },
        {
            "condition": {
                "type": "origins:and",
                "conditions":[
                    {
                        "type": "origins:origin",
                        "origin": "dragon:dragon"
                    },
                    {
                        "type": "origins:resource",
                        "resource": "dragon:exp_skill_points",
                        "comparison": ">=",
                        "compare_to": 15
                    },
                    {
                        "type": "origins:advancement",
                        "advancement": "dragon:layer_three/light",
                        "inverted": true
                    },
                    {
                        "type": "origins:advancement",
                        "advancement": "dragon:layer_two/light"
                    }
                ]
            },
            "origins": [
                "dragon:skills/layer_three/light"
            ]
        },
        {
            "condition": {
                "type": "origins:and",
                "conditions":[
                    {
                        "type": "origins:origin",
                        "origin": "dragon:dragon"
                    },
                    {
                        "type": "origins:resource",
                        "resource": "dragon:exp_skill_points",
                        "comparison": ">=",
                        "compare_to": 10
                    },
                    {
                        "type": "origins:advancement",
                        "advancement": "dragon:layer_three/water",
                        "inverted": true
                    },
                    {
                        "type": "origins:advancement",
                        "advancement": "dragon:layer_two/water"
                    }
                ]
            },
            "origins": [
                "dragon:skills/layer_three/water"
            ]
        },
        {
            "condition": {
                "type": "origins:and",
                "conditions":[
                    {
                        "type": "origins:advancement",
                        "advancement": "dragon:root"
                    }
                ]
            },
            "origins": [
                "dragon:transitions/layer_three/previous"
            ]
        },
        {
            "condition": {
                "type": "origins:and",
                "conditions":[
                    {
                        "type": "origins:advancement",
                        "advancement": "dragon:root"
                    }
                ]
            },
            "origins": [
                "dragon:transitions/layer_three/next"
            ]
        },
        {
            "condition": {
                "type": "origins:and",
                "conditions":[
                    {
                        "type": "origins:advancement",
                        "advancement": "dragon:root"
                    }
                ]
            },
            "origins": [
                "dragon:none"
            ]
        },
        {
            "condition": {
                "type": "origins:and",
                "conditions":[
                    {
                        "type": "origins:origin",
                        "origin": "dragon:dragon",
                        "inverted": true
                    }
                ]
            },
            "origins": [
                "dragon:none"
            ]
        }
    ]
}