{
    "display": {
        "title": {
            "text": "larger darkness"
        },
        "description": {
            "text": "The darkness increases, along with your size. This also make you more powerful. [5 SP]",
            "color": "black"
        },
        "icon": {
            "item": "minecraft:black_concrete"
        },
        "frame": "goal",
        "show_toast": true,
        "announce_to_chat": false,
        "hidden": false
    },
    "criteria": {
        "Skill": {
            "trigger": "minecraft:impossible"
        }
    },
    "parent": "dragon:layer_one/dark"
}