{
    "display": {
        "title": {
            "text": "Heavy claws"
        },
        "description": {
            "text": "You become heavier, making it easier to smash rocks. However, this also makes you slower. [5 SP]",
            "color": "gray"
        },
        "icon": {
            "item": "minecraft:dirt"
        },
        "frame": "goal",
        "show_toast": true,
        "announce_to_chat": false,
        "hidden": false
    },
    "criteria": {
        "Skill": {
            "trigger": "minecraft:impossible"
        }
    },
    "parent": "dragon:layer_one/earth"
}