{
    "type": "origins:multiple",
    "break_with_fist":{
        "block_condition": {
            "type": "origins:in_tag",
            "tag": "minecraft:mineable/pickaxe"
        },
        "type": "origins:modify_harvest",
        "allow": true
    },
    "faster_mining": {
        "type": "origins:modify_break_speed",
        "modifier": {
            "operation": "addition",
            "value": 0.01
        }
    },
    "underground_claws": {
        "condition":{
            "type": "origins:command",
            "command": "execute if entity @s[y=0,dy=60]",
            "comparison": "==",
            "compare_to": 1
        },
        "type": "origins:attribute",
        "modifier": {
            "attribute": "minecraft:generic.attack_damage",
            "operation": "addition",
            "value": 2
        },
        "tick_rate": 5
    },
    "no_swim": {
        "type": "origins:ignore_water"
    },
    "slower_mining_underwater":{
        "condition": {
            "type": "origins:fluid_height",
            "fluid": "minecraft:water",
            "comparison": "!=",
            "compare_to": 0
        },
        "type": "origins:modify_break_speed",
        "modifier": {
            "operation": "multiply_total",
            "value": -0.7
        }
    },
    "slower_underwater":{
        "type": "origins:attribute",
        "condition": {
            "type": "origins:fluid_height",
            "fluid": "minecraft:water",
            "comparison": "!=",
            "compare_to": 0
        },
        "modifier": {
            "attribute": "minecraft:generic.movement_speed",
            "operation": "addition",
            "value": -0.06
        }
    },
    "floaty_jump_underwater":{
        "condition": {
            "type": "origins:fluid_height",
            "fluid": "minecraft:water",
            "comparison": "!=",
            "compare_to": 0
        },
        "type": "origins:modify_falling",
        "take_fall_damage": false,
        "velocity": 0.01
    },
    "hidden": true
}