{
    "type": "origins:multiple",
    "break_with_fist":{
        "block_condition": {
            "type": "origins:in_tag",
            "tag": "minecraft:mineable/pickaxe"
        },
        "type": "origins:modify_harvest",
        "allow": true
    },
    "faster_mining": {
        "type": "origins:modify_break_speed",
        "modifier": {
            "operation": "addition",
            "value": 0.01
        }
    },
    "underground_claws": {
        "condition":{
            "type": "origins:command",
            "command": "execute if entity @s[y=0,dy=60]",
            "comparison": "==",
            "compare_to": 1
        },
        "type": "origins:attribute",
        "modifier": {
            "attribute": "minecraft:generic.attack_damage",
            "operation": "addition",
            "value": 2
        },
        "tick_rate": 5
    },
    "hidden": true
}