{
    "type": "origins:multiple",
    "fiah_pawnch":{
        "type": "origins:target_action_on_hit",
        "entity_action": {
            "type": "origins:set_on_fire",
            "duration": 3
        },
        "cooldown": 1
    },
    "no_cold_biome":{
        "condition":{
            "type":"origins:biome",
            "condition":{
                "type": "origins:temperature",
                "comparison": "<=",
                "compare_to": 0.3
            }
        },
        "modifiers": [
            {
                "attribute": "minecraft:generic.attack_damage",
                "operation": "addition",
                "value": -8
            },
            {
                "attribute": "minecraft:generic.movement_speed",
                "operation": "addition",
                "value": -0.045
            }
        ],
        "type": "origins:conditioned_attribute"
    },
    "hidden": true
}