{
    "display": {
        "title": {
            "text": "Dragon egg"
        },
        "description": {
            "text": "Hatch",
            "bold": true
        },
        "icon": {
            "item": "minecraft:dragon_egg"
        },
        "frame": "task",
        "show_toast": true,
        "announce_to_chat": false,
        "hidden": false,
        "background": "minecraft:textures/block/cauldron_inner.png"
    },
    "criteria": {
        "impossibe": {
            "trigger": "minecraft:impossible"
        }
    }
}