{
    "display": {
        "title": {
            "text": "Furnace flames"
        },
        "description": {
            "text": "You can smelt stuff in your offhand! Smelt with ",
            "color": "red",
            "extra": [
              {
                "keybind": "key.origins.septenary_active",
                "color": "red"
              },
              {
                "text": ". However, your hands now burn any wood that has not adapted to heat upon breaking it. [20 SP]",
                "color": "red"
              }
            ]
        },
        "icon": {
            "item": "minecraft:blaze_powder"
        },
        "frame": "challenge",
        "show_toast": true,
        "announce_to_chat": false,
        "hidden": false
    },
    "criteria": {
        "Skill": {
            "trigger": "minecraft:impossible"
        }
    },
    "parent": "dragon:layer_five/path_two/op_two/fire"
}