{
    "display": {
        "title": {
            "text": "Flamethrower breath"
        },
        "description": {
            "text": "Some flamethrower crazy thing has gifted you with the power to spew flames! activate with ",
            "color": "red",
            "extra": [
              {
                "keybind": "key.origins.septenary_active",
                "color": "red"
              },
              {
                "text": ". Uses hunger. [25 SP]",
                "color": "red"
              }
            ]
        },
        "icon": {
            "item": "minecraft:blaze_powder"
        },
        "frame": "challenge",
        "show_toast": true,
        "announce_to_chat": false,
        "hidden": false
    },
    "criteria": {
        "Skill": {
            "trigger": "minecraft:impossible"
        }
    },
    "parent": "dragon:layer_five/path_two/op_one/fire"
}