{
    "type": "origins:multiple",
    "debuff": {
        "condition": {
            "type": "origins:and",
            "conditions": [
                {
                    "type": "origins:daytime"
                },
                {
                    "type": "origins:exposed_to_sky"
                }
            ]
        },
        "type": "origins:conditioned_attribute",
        "modifiers": [
            {
                "attribute": "minecraft:generic.attack_damage",
                "operation": "addition",
                "value": -8
            },
            {
                "attribute": "minecraft:generic.movement_speed",
                "operation": "addition",
                "value": -0.045
            }
        ],
        "tick_rate": 5
    },
    "no_see": {
        "condition": {
            "type": "origins:and",
            "conditions": [
                {
                    "type": "origins:daytime"
                },
                {
                    "type": "origins:exposed_to_sky"
                },
                {
                    "type": "origins:status_effect",
                    "effect": "minecraft:night_vision",
                    "inverted": true
                }
            ]
        },
        "type": "origins:shader",
        "shader": "minecraft:shaders/post/sobel.json"
    }
}