{
    "condition": {
        "type": "origins:fluid_height",
        "fluid": "minecraft:water",
        "comparison": "==",
        "compare_to": 0
    },
    "type": "origins:conditioned_attribute",
    "modifiers": [
        {
            "attribute": "minecraft:generic.attack_damage",
            "operation": "addition",
            "value": -4
        },
        {
            "attribute": "minecraft:generic.movement_speed",
            "operation": "addition",
            "value": -0.015
        }
    ]
}