{
    "condition": {
        "type": "origins:and",
        "conditions": [
            {
                "type": "origins:daytime",
                "inverted": true
            },
            {
                "type": "origins:exposed_to_sky"
            }
        ]
    },
    "type": "origins:conditioned_attribute",
    "modifiers": [
        {
            "attribute": "minecraft:generic.attack_damage",
            "operation": "addition",
            "value": -8
        },
        {
            "attribute": "minecraft:generic.movement_speed",
            "operation": "addition",
            "value": -0.045
        }
    ],
    "tick_rate": 5
}