{
    "powers": [
        "dragon:tick",
        "dragon:leveling",
        "dragon:exp",
        "dragon:bring_up_menu",
        "dragon:clear_skills",
        "dragon:how_to/open_menu",
        "dragon:how_to/checking_skills",
        "dragon:how_to/active_abilities"
    ],
    "icon": "minecraft:dragon_head",
    "order": 3,
    "impact": 3,
    "name": "Dragon",
    "description": "Dragons are found in many elements, each with unique powers from the other. Start as a Hatchling and grow into a powerful Elder. Which path will you choose? The flightless Earth... or perhaps the flighty Air? Each decision is important and will change how you grow.",
    "unchoosable": true
}