{
    "powers": [
        "dragon:leveling",
        "dragon:exp",
        "dragon:bring_up_menu",
        "dragon:clear_skills",
        "dragon:skills/base/fire",
        "dragon:skills/base/air",
        "dragon:skills/base/dark",
        "dragon:skills/base/earth",
        "dragon:skills/base/light",
        "dragon:skills/base/water",
        "dragon:skills/layer_one/stat_changes",
        "dragon:skills/layer_two/stat_changes",
        "dragon:skills/layer_three/air",
        "dragon:skills/layer_three/dark",
        "dragon:skills/layer_three/earth",
        "dragon:skills/layer_three/fire",
        "dragon:skills/layer_three/light",
        "dragon:skills/layer_three/water",
        "dragon:skills/layer_four/op_one",
        "dragon:skills/layer_four/op_two",
        "dragon:skills/layer_five/path_one/op_one/stat_changes",
        "dragon:skills/layer_five/path_one/op_one/dark",
        "dragon:skills/layer_five/path_one/op_one/light",
        "dragon:skills/layer_five/path_one/op_two/stat_changes",
        "dragon:skills/layer_five/path_two/op_one/air",
        "dragon:skills/layer_five/path_two/op_one/stat_changes",
        "dragon:skills/layer_five/path_two/op_two/light",
        "dragon:skills/layer_five/path_two/op_two/stat_changes",
        "dragon:skills/layer_six/air/atmospheric_manipulator",
        "dragon:skills/layer_six/air/drift_dash",
        "dragon:skills/layer_six/dark/brittle_breaker",
        "dragon:skills/layer_six/dark/darkened_shards",
        "dragon:skills/layer_six/dark/in_the_shadows",
        "dragon:skills/layer_six/earth/bashing_blocks",
        "dragon:skills/layer_six/earth/hoarder",
        "dragon:skills/layer_six/earth/mineral_miner",
        "dragon:skills/layer_six/fire/firecharge_throw",
        "dragon:skills/layer_six/fire/drift_dash",
        "dragon:skills/layer_six/fire/flamethrower",
        "dragon:skills/layer_six/fire/rocket_jump",
        "dragon:skills/layer_six/light/light_boost",
        "dragon:skills/layer_six/light/shield_parry",
        "dragon:skills/layer_six/water/bubble_blower",
        "dragon:skills/layer_six/water/mineral_miner",
        "dragon:skills/layer_six/water/drift_dash"
    ],
    "icon": "minecraft:dragon_head",
    "order": 3,
    "impact": 3,
    "name": "Dragon",
    "description": "You are a dragon, and you may choose your path. Get exp by killing your enemies, or mining blocks. and skills you get may be seen on your skill tree, displayed in the advancements menu. You may choose 2 base elements, and one path per element.",
    "unchoosable": true
}