{
    "powers": [
        "dragon:tick",
        "dragon:leveling",
        "dragon:exp",
        "dragon:bring_up_menu",
        "dragon:clear_skills"
    ],
    "icon": "minecraft:dragon_head",
    "order": 3,
    "impact": 3,
    "name": "Dragon",
    "description": "You are a dragon, and you may choose your path. Get exp by killing your enemies, or mining blocks. and skills you get may be seen on your skill tree, displayed in the advancements menu. You may choose 2 base elements, and one path per element.",
    "unchoosable": true
}