{
    "powers": [
        "dragon:transitions/layer_four/next"
    ],
    "icon": {
        "item": "minecraft:player_head",
        "tag": "{SkullOwner:{Id:[I;-1121180284,-180467671,-2120000257,72239481],Properties:{textures:[{Value:\"eyJ0ZXh0dXJlcyI6eyJTS0lOIjp7InVybCI6Imh0dHA6Ly90ZXh0dXJlcy5taW5lY3JhZnQubmV0L3RleHR1cmUvOGFhMTg3ZmVkZTg4ZGUwMDJjYmQ5MzA1NzVlYjdiYTQ4ZDNiMWEwNmQ5NjFiZGM1MzU4MDA3NTBhZjc2NDkyNiJ9fX0=\"}]}}}"
    },
    "order": 3,
    "impact": 3,
    "name": "Next layer",
    "description": "Go to the next layer of the skill tree"
}