{
    "display": {
        "title": {
            "text": "Feathered wings"
        },
        "description": {
            "text": "Your wings grow feathers, allowing you to jump higher! [5 SP]",
            "color": "white"
        },
        "icon": {
            "item": "minecraft:feather"
        },
        "frame": "goal",
        "show_toast": true,
        "announce_to_chat": false,
        "hidden": false
    },
    "criteria": {
        "Skill": {
            "trigger": "minecraft:impossible"
        }
    },
    "parent": "dragon:layer_three/air"
}