{
    "display": {
        "title": {
            "text": "Shadowed arms"
        },
        "description": {
            "text": "Your arms become enveloped in shadows, giving you the ability to attack faster. However, the world has turned against you due to your growing darkness. [5 SP]",
            "color": "black"
        },
        "icon": {
            "item": "minecraft:black_concrete"
        },
        "frame": "goal",
        "show_toast": true,
        "announce_to_chat": false,
        "hidden": false
    },
    "criteria": {
        "Skill": {
            "trigger": "minecraft:impossible"
        }
    },
    "parent": "dragon:layer_three/dark"
}