{
    "display": {
        "title": {
            "text": "Armored scales"
        },
        "description": {
            "text": "Your scales become armored, giving you more health and knockback resistance. [10 SP]",
            "color": "gray"
        },
        "icon": {
            "item": "minecraft:dirt"
        },
        "frame": "goal",
        "show_toast": true,
        "announce_to_chat": false,
        "hidden": false
    },
    "criteria": {
        "Skill": {
            "trigger": "minecraft:impossible"
        }
    },
    "parent": "dragon:layer_three/earth"
}