{
    "display": {
        "title": {
            "text": "Blazing arms"
        },
        "description": {
            "text": "Your arms have a blazing force making you more effective at fighting, giving you extra knockback. [5 SP]",
            "color": "red"
        },
        "icon": {
            "item": "minecraft:blaze_powder"
        },
        "frame": "goal",
        "show_toast": true,
        "announce_to_chat": false,
        "hidden": false
    },
    "criteria": {
        "Skill": {
            "trigger": "minecraft:impossible"
        }
    },
    "parent": "dragon:layer_three/fire"
}