{
    "display": {
        "title": {
            "text": "Flight of light"
        },
        "description": {
            "text": "You now have the ability to run much faster thanks to the gift of a fraction of the speed of light. [5 SP]",
            "color": "yellow"
        },
        "icon": {
            "item": "minecraft:glowstone"
        },
        "frame": "goal",
        "show_toast": true,
        "announce_to_chat": false,
        "hidden": false
    },
    "criteria": {
        "Skill": {
            "trigger": "minecraft:impossible"
        }
    },
    "parent": "dragon:layer_three/light"
}