{
    "display": {
        "title": {
            "text": "Finned arms"
        },
        "description": {
            "text": "Your arms now have fins on them, allowing you to mine faster underwater! [5 SP]",
            "color": "aqua"
        },
        "icon": {
            "item": "minecraft:water_bucket"
        },
        "frame": "goal",
        "show_toast": true,
        "announce_to_chat": false,
        "hidden": false
    },
    "criteria": {
        "Skill": {
            "trigger": "minecraft:impossible"
        }
    },
    "parent": "dragon:layer_three/water"
}