{
    "type": "origins:multiple",
    "fire": {
        "type": "origins:conditioned_attribute",
        "condition": {
            "type": "origins:advancement",
            "advancement": "dragon:layer_four/op_one/fire"
        },
        "modifier": {
            "attribute": "minecraft:generic.knockback_resistance",
            "operation": "addition",
            "value": 0.2
        }
    },
    "water": {
        "type": "origins:conditioned_attribute",
        "condition": {
            "type": "origins:advancement",
            "advancement": "dragon:layer_four/op_one/water"
        },
        "modifier": {
            "attribute": "minecraft:generic.luck",
            "operation": "addition",
            "value": 10
        }
    },
    "earth_luck": {
        "type": "origins:conditioned_attribute",
        "condition": {
            "type": "origins:advancement",
            "advancement": "dragon:layer_four/op_one/earth"
        },
        "modifier": {
            "attribute": "minecraft:generic.luck",
            "operation": "addition",
            "value": 5
        }
    },
    "earth_dig_speed":{
        "type": "origins:modify_break_speed",
        "condition": {
            "type": "origins:advancement",
            "advancement": "dragon:layer_four/op_one/earth"
        },
        "modifier": {
            "operation": "addition",
            "value": 0.01
        }
    },
    "air": {
        "type": "origins:conditioned_attribute",
        "condition": {
            "type": "origins:advancement",
            "advancement": "dragon:layer_four/op_one/air"
        },
        "modifier": {
            "attribute": "minecraft:generic.attack_speed",
            "operation": "addition",
            "value": 0.1
        }
    },
    "dark": {
        "type": "origins:conditioned_attribute",
        "condition": {
            "type": "origins:advancement",
            "advancement": "dragon:layer_four/op_one/dark"
        },
        "modifiers": [
            {
                "attribute": "minecraft:generic.luck",
                "operation": "addition",
                "value": -5
            },
            {
                "attribute": "minecraft:generic.max_health",
                "operation": "addition",
                "value": 4
            }
        ]
    },
    "light": {
        "condition": {
            "type": "origins:advancement",
            "advancement": "dragon:layer_four/op_one/light"
        },
        "type": "origins:conditioned_attribute",
        "modifier": {
            "attribute": "minecraft:generic.armor",
            "operation": "addition",
            "value": 1
        }
    },
    "hidden": true
}