{
    "display": {
        "title": {
            "text": "Treasure trove"
        },
        "description": {
            "text": "You can find treasure anywhere thanks to your magic, which can allow you to attract treasure by pressing ",
            "color": "aqua",
            "extra": [
              {
                "keybind": "key.origins.quaternary_active",
                "color": "aqua"
              },
              {
                "text": ". However, due to your new rather passive nature, you can't hit as hard. [20 SP]",
                "color": "aqua"
              }
            ]
        },
        "icon": {
            "item": "minecraft:water_bucket"
        },
        "frame": "challenge",
        "show_toast": true,
        "announce_to_chat": false,
        "hidden": false
    },
    "criteria": {
        "Skill": {
            "trigger": "minecraft:impossible"
        }
    },
    "parent": "dragon:layer_five/path_one/op_one/water"
}