{
    "type": "origins:action_over_time",
    "entity_action":{
        "type": "origins:and",
        "actions":[
            {
                "type": "origins:execute_command",
                "command": "function dragon:triggers/base/air"
            },
            {
                "type": "origins:execute_command",
                "command": "origin set @s origins:base dragon:none"
            },
            {
                "type": "origins:change_resource",
                "resource": "dragon:exp_base_limiter",
                "change": 1
            }
        ]
    },
    "interval": 1,
    "hidden": true
}