{
    "display": {
        "title": {
            "text": "Fantastic fins"
        },
        "description": {
            "text": "You now swim extreamly fast due to the fins that have appeared on your body! [10 SP]",
            "color": "aqua"
        },
        "icon": {
            "item": "minecraft:water_bucket"
        },
        "frame": "goal",
        "show_toast": true,
        "announce_to_chat": false,
        "hidden": false
    },
    "criteria": {
        "Skill": {
            "trigger": "minecraft:impossible"
        }
    },
    "parent": "dragon:layer_four/op_two/water"
}