{
    "type": "origins:action_over_time",
    "entity_action": {
        "type": "origins:and",
        "actions": [
            {
                "type": "origins:execute_command",
                "command": "execute store result score @s skill_points run resource get @s dragon:exp_skill_points"
            },
            {
                "type": "origins:execute_command",
                "command": "title @s actionbar [{\"text\": \"Skill Points: \"},{\"score\":{\"objective\": \"skill_points\",\"name\": \"*\"}}]"
            }
        ]
    },
    "hidden": true,
    "interval": 10
}