{
    "powers": [
        "dragon:transitions/layer_one/previous"
    ],
    "icon": {
        "item": "minecraft:player_head",
        "tag": "{SkullOwner:{Id:[I;214986418,1807042930,-1760724565,2088573682],Properties:{textures:[{Value:\"eyJ0ZXh0dXJlcyI6eyJTS0lOIjp7InVybCI6Imh0dHA6Ly90ZXh0dXJlcy5taW5lY3JhZnQubmV0L3RleHR1cmUvZjZkYWI3MjcxZjRmZjA0ZDU0NDAyMTkwNjdhMTA5YjVjMGMxZDFlMDFlYzYwMmMwMDIwNDc2ZjdlYjYxMjE4MCJ9fX0=\"}]}}}"
    },
    "order": 3,
    "impact": 3,
    "name": "Previous layer",
    "description": "Go to the previous layer of the skill tree"
}