{
    "display": {
        "title": {
            "text": "Shadow claws"
        },
        "description": {
            "text": "Your claws are now coverd in a sharp, shadow-like substance, giving them more attack. [5 SP]",
            "color": "black"
        },
        "icon": {
            "item": "minecraft:black_concrete"
        },
        "frame": "goal",
        "show_toast": true,
        "announce_to_chat": false,
        "hidden": false
    },
    "criteria": {
        "Skill": {
            "trigger": "minecraft:impossible"
        }
    },
    "parent": "dragon:layer_four/op_two/dark"
}