{
    "display": {
        "title": {
            "text": "Calamus claws"
        },
        "description": {
            "text": "There are feathers on the heels of your claws, allowing you to move at a faster pace! [5 SP]",
            "color": "white"
        },
        "icon": {
            "item": "minecraft:feather"
        },
        "frame": "goal",
        "show_toast": true,
        "announce_to_chat": false,
        "hidden": false
    },
    "criteria": {
        "Skill": {
            "trigger": "minecraft:impossible"
        }
    },
    "parent": "dragon:layer_four/op_one/air"
}